<productinfo xmlns:xsi="http://www.w3.org/2001/XMLSchema-instance" xsi:noNamespaceSchemaLocation="http://www.mathworks.com/namespace/info/v1/info.xsd">
<?xml-stylesheet type="text/xsl" href="http://www.mathworks.com/namespace/info/v1/info.xsl"?>

<matlabrelease>14</matlabrelease>
  <name>Microchip Embedded Target</name>
  <type>simulink</type>
  <icon>$toolbox/matlab/icons/boardicon.gif</icon>
  <help_location>../Readme.html</help_location>
<list>

<listitem>
<label>Microchip Driver Library</label>
<callback>MCHP_Blockset</callback>
<icon>$toolbox/simulink/simulink/simulinkicon.gif</icon>
</listitem>

<listitem>
<label>Help</label>
<callback>Microchip/</callback>
<icon>$toolbox/matlab/icons/book_sim.gif</icon>
</listitem>

<listitem>
  <label>Product Page (Web)</label>
  <callback>web('http://www.microchip.com', '-browser');</callback>
  <icon>$toolbox/matlab/icons/webicon.gif</icon>
</listitem>

  </list>
  </productinfo>