<?xml version="1.0" encoding="UTF-8"?>
<configurationDescriptor version="65">
  <logicalFolder name="root" displayName="root" projectFiles="true">
    <logicalFolder name="HeaderFiles"
                   displayName="Header Files"
                   projectFiles="true">
           %%HeaderFiles%%
    </logicalFolder>
    <logicalFolder name="LibraryFiles"
                   displayName="Library Files"
                   projectFiles="true">
           %%LibraryFiles%%
    </logicalFolder>
    <logicalFolder name="LinkerFiles"
                   displayName="Linker Files"
                   projectFiles="true">
           %%LinkerFiles%%
    </logicalFolder>
    <logicalFolder name="ObjectFiles"
                   displayName="Object Files"
                   projectFiles="true">
           %%ObjectFiles%%
    </logicalFolder>
    <logicalFolder name="SourceFiles"
                   displayName="Source Files"
                   projectFiles="true">
           %%SourceFiles%%
    </logicalFolder>
    <logicalFolder name="ExternalFiles"
                   displayName="Important Files"
                   projectFiles="false">
           %%OthersFiles%%
      <itemPath>Makefile</itemPath>
    </logicalFolder>
  </logicalFolder>
  <projectmakefile>Makefile</projectmakefile>
  <confs>
    <conf name="Simulink" type="2">
      <toolsSet>
        <developmentServer>localhost</developmentServer>
        <targetDevice>%%Chip%%</targetDevice>
        <targetHeader></targetHeader>
        <platformTool>%%PlatformTool%%</platformTool>
        <languageToolchain>%%CmplrSelected%%</languageToolchain>
        <languageToolchainVersion>%%CmplrVersion%%</languageToolchainVersion>
        <platform>3</platform>
      </toolsSet>
      <compileType>
        <linkerTool>
          <linkerLibItems>
          </linkerLibItems>
        </linkerTool>
      </compileType>
      <C32>
        <property key="extra-include-directories" value="%%ExtraIncludeDirectory%%"/>
        <property key="optimization-level" value="%%OPTIM_GCC%%"/>
      </C32>
      <C32-AS>
      </C32-AS>
      <C32-LD>
        <property key="extra-lib-directories" value="%%ExtraLibDirectory%%"/>
        <property key="heap-size" value="%%HEAP_SIZE%%"/>
      </C32-LD>
      <C32Global>
      </C32Global>
      <%%PlatformTool%%>
      </%%PlatformTool%%>
    </conf>
  </confs>
</configurationDescriptor>
